,Date,Low,High,Close,Open
1238,2014-09-29,22.21,23.49,22.57,22.97
1237,2016-10-17,4.58,4.79,4.73,4.68
1236,2015-11-25,10.0,10.45,10.23,10.0
1235,2017-10-03,4.16,4.3,4.19,4.27
1234,2015-05-15,15.8,17.91,17.87,16.39
1233,2018-01-12,4.87,5.08,4.9,4.98
1232,2017-11-13,5.38,5.65,5.56,5.41
1231,2017-05-04,4.04,4.24,4.04,4.24
1230,2017-04-20,4.07,4.3,4.27,4.1
1229,2015-04-14,21.94,23.5,22.89,22.23
1228,2017-06-02,5.54,5.77,5.63,5.72
1227,2016-06-24,4.8,5.375,5.32,4.95
1226,2016-05-24,5.0902,5.37,5.17,5.33
1225,2015-08-27,15.76,16.38,16.16,16.0
1224,2014-08-18,20.8401,21.4399,21.03,21.09
1223,2018-08-23,11.121,11.35,11.17,11.28
1222,2018-03-23,5.26,5.44,5.31,5.39
1221,2015-11-13,10.9,11.75,11.01,11.61
1220,2016-01-19,4.28,4.68,4.4,4.63
1219,2014-08-29,20.95,21.725,21.14,21.2
1218,2017-11-20,5.31,5.62,5.5,5.55
1217,2014-02-26,33.3213,35.25,34.93,33.69
1216,2017-09-28,4.28,4.39,4.31,4.32
1215,2015-06-12,16.73,17.06,16.95,17.0
1214,2015-03-17,18.56,19.14,18.8,18.58
1213,2016-01-26,4.15,4.52,4.41,4.2
1212,2013-11-01,32.1,37.0,36.2,35.0
1211,2014-06-11,27.15,27.62,27.57,27.15
1210,2016-04-26,6.67,7.19,6.9,7.0
1209,2014-02-21,35.04,35.9599,35.17,35.51
1208,2017-08-07,4.5,4.75,4.6,4.71
1207,2014-01-28,36.111,38.19,36.49,38.04
1206,2016-03-07,6.04,6.58,6.55,6.06
1205,2017-01-31,4.75,4.88,4.87,4.83
1204,2017-12-14,5.21,5.57,5.3,5.5
1203,2018-02-05,4.5,4.71,4.51,4.63
1202,2017-01-25,5.05,5.1999,5.1,5.07
1201,2017-12-08,5.911,6.115,5.94,6.07
1200,2018-07-03,8.07,8.39,8.18,8.26
1199,2017-07-18,5.53,5.74,5.58,5.62
1198,2014-04-21,31.5,32.68,31.5,31.81
1197,2016-02-19,5.02,5.23,5.21,5.21
1196,2014-12-09,16.9001,17.57,17.48,17.1
1195,2014-03-03,35.04,36.25,35.38,35.4
1194,2015-03-25,18.88,20.01,19.05,19.88
1193,2017-04-12,3.97,4.17,4.05,4.17
1192,2016-03-28,5.69,6.13,6.05,5.97
1191,2014-08-11,22.31,22.96,22.66,22.57
1190,2016-02-04,4.04,4.28,4.2,4.09
1189,2017-06-01,5.68,5.94,5.78,5.71
1188,2014-11-21,22.12,23.44,22.22,23.44
1187,2018-09-11,10.705,11.13,11.09,10.79
1186,2016-02-09,3.97,4.09,4.0,4.04
1185,2017-07-11,5.43,5.61,5.57,5.43
1184,2018-03-12,5.32,5.65,5.56,5.49
1183,2015-06-11,16.7,17.17,17.02,17.05
1182,2015-12-07,9.85,10.2769,9.92,10.13
1181,2017-10-26,3.92,4.04,3.94,3.98
1180,2017-02-02,4.65,4.85,4.68,4.76
1179,2016-12-09,7.51,8.34,8.07,7.51
1178,2017-07-07,5.57,5.7,5.58,5.67
1177,2014-05-02,27.81,29.0,28.86,27.82
1176,2014-10-16,17.028,17.9,17.28,17.25
1175,2015-08-31,16.554,17.16,16.91,16.76
1174,2015-12-01,10.0,10.3723,10.06,10.28
1173,2015-05-29,18.07,18.87,18.36,18.41
1172,2017-06-23,5.38,5.58,5.41,5.5
1171,2016-11-11,4.9,5.18,5.07,5.1
1170,2017-07-03,5.88,6.37,6.28,5.95
1169,2016-05-09,6.29,6.51,6.47,6.42
1168,2017-01-13,5.55,5.76,5.59,5.66
1167,2014-07-14,24.25,25.0,24.5,24.48
1166,2018-05-09,6.32,6.53,6.34,6.51
1165,2016-06-10,4.96,5.27,5.05,5.22
1164,2017-02-27,4.21,4.37,4.3,4.27
1163,2014-02-14,36.648,37.82,36.96,37.82
1162,2017-05-24,5.18,6.07,5.5,5.6
1161,2018-04-12,5.68,5.85,5.7,5.75
1160,2018-02-12,4.5604,4.78,4.77,4.7
1159,2016-01-25,4.14,4.56,4.16,4.52
1158,2016-10-10,5.28,5.4586,5.4,5.29
1157,2013-11-21,34.28,35.3,35.19,34.95
1156,2014-02-25,32.8,33.975,33.31,33.65
1155,2017-05-22,3.97,4.23,4.19,4.04
1154,2016-12-02,5.75,6.0,5.9,5.82
1153,2018-06-29,8.36,8.6699,8.41,8.57
1152,2018-03-15,5.37,5.54,5.53,5.4
1151,2016-02-18,4.91,5.28,5.22,5.07
1150,2018-07-16,7.95,8.2899,8.1,8.17
1149,2015-03-10,17.88,18.42,18.29,18.01
1148,2018-03-07,4.725,4.96,4.92,4.85
1147,2014-05-21,25.18,26.13,25.39,26.02
1146,2017-03-16,3.98,4.16,4.1,3.98
1145,2018-06-26,8.4631,8.8,8.76,8.53
1144,2017-12-05,5.89,6.13,6.05,6.07
1143,2014-03-11,33.7,34.9,34.1,34.83
1142,2015-05-06,16.25,16.8484,16.42,16.66
1141,2018-07-30,6.561,6.9,6.62,6.75
1140,2015-12-09,9.77,10.1,9.89,9.95
1139,2018-04-03,5.56,5.75,5.67,5.65
1138,2014-11-07,20.46,22.055,21.93,20.53
1137,2016-06-17,4.6,4.91,4.89,4.6
1136,2016-05-31,5.16,5.43,5.38,5.2
1135,2014-08-07,21.93,22.45,22.1,22.23
1134,2015-12-17,7.16,7.88,7.17,7.76
1133,2014-05-28,26.82,27.78,26.87,27.63
1132,2017-03-03,4.05,4.26,4.12,4.21
1131,2015-07-10,17.88,18.66,18.4,18.0
1130,2017-08-14,4.38,4.65,4.64,4.49
1129,2015-01-13,17.07,18.63,17.22,18.43
1128,2014-04-09,32.17,33.5,32.8,33.22
1127,2014-05-14,26.7,27.5,26.92,27.07
1126,2015-04-02,18.67,20.34,20.12,18.67
1125,2018-08-28,11.12,11.36,11.16,11.24
1124,2014-10-29,16.86,17.49,17.07,17.42
1123,2016-11-17,5.915,6.14,5.93,5.93
1122,2015-01-15,17.25,17.89,17.46,17.77
1121,2018-02-09,4.47,4.9,4.67,4.9
1120,2016-09-12,5.06,5.1999,5.15,5.09
1119,2015-09-29,13.96,15.15,14.22,15.11
1118,2015-11-19,10.85,11.05,10.88,10.95
1117,2015-09-21,15.77,16.38,15.87,16.1
1116,2016-02-10,3.97,4.25,4.01,4.03
1115,2014-01-03,41.78,45.18,42.66,44.79
1114,2017-08-31,4.02,4.17,4.06,4.17
1113,2017-05-31,5.61,5.83,5.76,5.69
1112,2015-03-16,18.5401,19.25,18.68,18.97
1111,2014-06-27,29.0,30.38,29.0,29.37
1110,2017-04-28,4.11,4.37,4.12,4.33
1109,2018-07-06,8.45,8.75,8.48,8.57
1108,2017-09-08,4.08,4.25,4.23,4.2
1107,2016-10-13,4.66,4.9,4.67,4.8
1106,2015-03-20,18.71,19.82,18.81,19.57
1105,2018-03-20,5.37,5.7,5.4,5.64
1104,2017-12-28,4.83,5.12,5.07,4.98
1103,2018-08-13,11.3398,12.268,12.02,11.38
1102,2016-08-05,5.3,5.65,5.53,5.3
1101,2015-12-04,10.04,10.41,10.29,10.12
1100,2016-04-07,5.65,5.97,5.69,5.89
1099,2018-09-25,10.75,11.36,10.89,11.36
1098,2014-06-23,29.19,30.35,29.44,30.2
1097,2013-11-26,38.71,40.3,40.06,39.1
1096,2015-10-02,14.08,15.3,15.14,14.52
1095,2017-08-22,4.06,4.21,4.15,4.17
1094,2017-08-01,5.33,5.57,5.55,5.43
1093,2016-01-29,4.16,4.359,4.32,4.17
1092,2018-05-21,7.48,8.41,7.56,8.25
1091,2018-01-31,4.715,4.96,4.76,4.94
1090,2018-07-05,8.131,8.63,8.6,8.23
1089,2014-08-14,21.307,22.25,21.58,21.41
1088,2015-04-17,21.96,22.474,22.37,22.32
1087,2016-10-07,5.19,5.379,5.23,5.36
1086,2016-09-06,5.25,5.388,5.3,5.29
1085,2017-05-26,5.38,5.69,5.68,5.57
1084,2014-10-23,16.69,17.289,16.75,17.02
1083,2015-03-27,18.22,18.75,18.63,18.63
1082,2015-08-21,16.08,16.53,16.2,16.18
1081,2014-01-24,37.0,38.4,37.95,38.0
1080,2018-06-18,8.37,8.75,8.43,8.66
1079,2014-09-12,21.79,22.83,22.65,21.89
1078,2018-03-08,4.69,4.98,4.72,4.93
1077,2016-12-14,7.12,7.54,7.17,7.52
1076,2014-03-19,34.82,36.0,34.98,35.84
1075,2014-12-12,17.01,17.9,17.64,17.02
1074,2017-06-19,5.65,5.93,5.85,5.77
1073,2016-07-21,5.88,6.14,5.88,6.03
1072,2014-07-03,27.0,27.99,27.26,27.5
1071,2018-03-02,4.68,4.895,4.87,4.8
1070,2014-01-15,38.54,39.82,39.4,38.76
1069,2016-03-08,5.85,6.5899,5.87,6.47
1068,2014-12-18,19.07,19.8,19.2,19.64
1067,2015-01-09,17.9,19.52,18.19,19.46
1066,2018-02-26,4.76,4.87,4.78,4.87
1065,2017-08-09,4.4512,4.63,4.6,4.49
1064,2013-11-14,33.54,34.25,33.65,34.15
1063,2017-06-13,5.77,5.99,5.94,5.87
1062,2015-07-16,18.2,18.5295,18.26,18.34
1061,2017-07-20,5.4,5.62,5.55,5.58
1060,2014-01-06,42.76,45.0,42.98,44.67
1059,2014-08-26,22.01,22.385,22.2,22.34
1058,2016-12-13,7.2601,7.66,7.5,7.6
1057,2014-02-11,38.19,39.48,39.15,38.55
1056,2014-09-09,21.17,22.36,21.33,22.05
1055,2017-01-27,4.99,5.07,5.06,5.01
1054,2014-06-05,26.26,27.31,26.9,27.05
1053,2018-08-10,10.91,11.43,11.38,11.04
1052,2017-10-12,3.92,4.04,3.94,4.03
1051,2015-06-23,16.62,17.27,16.96,16.69
1050,2018-07-23,7.2,7.78,7.26,7.74
1049,2016-10-04,5.04,5.21,5.06,5.21
1048,2015-12-14,7.41,8.3691,7.51,8.11
1047,2017-07-26,5.26,5.52,5.38,5.46
1046,2018-04-20,5.7,5.89,5.72,5.82
1045,2016-09-22,4.98,5.1,5.02,4.98
1044,2014-07-29,20.79,21.24,21.11,21.0
1043,2015-04-21,22.05,23.03,22.48,22.66
1042,2016-09-23,5.0,5.15,5.09,5.0
1041,2016-12-28,6.39,6.7198,6.45,6.69
1040,2015-07-28,17.67,18.15,18.0,18.15
1039,2014-04-16,30.7,31.58,31.02,31.01
1038,2014-04-28,29.0,30.14,29.87,30.0
1037,2015-09-01,16.36,16.99,16.44,16.66
1036,2016-10-06,5.18,5.38,5.35,5.18
1035,2015-11-23,10.42,10.85,10.45,10.73
1034,2014-07-18,22.23,22.74,22.48,22.37
1033,2014-09-24,23.03,23.72,23.5,23.15
1032,2018-02-20,4.83,5.08,4.85,5.01
1031,2016-03-03,5.42,6.04,5.89,5.42
1030,2015-03-30,18.55,19.5,19.03,18.67
1029,2017-03-20,3.95,4.14,4.0,4.14
1028,2017-06-12,5.8,5.99,5.84,5.83
1027,2013-12-11,37.62,39.45,38.28,39.45
1026,2015-09-15,16.73,17.35,17.17,16.77
1025,2016-10-25,4.95,5.15,5.06,5.12
1024,2017-11-29,5.48,5.81,5.8,5.48
1023,2014-02-28,35.41,36.3,35.81,36.01
1022,2017-06-14,5.73,5.99,5.98,5.92
1021,2015-05-26,17.39,17.9499,17.79,17.76
1020,2015-11-09,11.91,12.43,12.02,12.36
1019,2016-03-10,5.62,5.9,5.71,5.88
1018,2015-06-08,16.57,17.41,16.91,16.57
1017,2018-05-14,6.38,6.51,6.49,6.38
1016,2016-11-14,5.14,5.39,5.38,5.15
1015,2014-03-27,31.01,32.01,31.97,31.92
1014,2017-11-15,5.01,5.5,5.02,5.48
1013,2017-03-15,3.86,4.01,3.98,3.94
1012,2016-04-05,5.74,6.13,5.85,6.08
1011,2014-05-22,25.16,26.37,26.16,25.33
1010,2018-05-10,6.31,6.585,6.4,6.32
1009,2016-02-23,5.19,5.35,5.26,5.35
1008,2017-02-09,3.85,4.25,4.21,3.85
1007,2016-04-28,6.84,7.98,7.54,6.93
1006,2015-02-27,18.41,18.88,18.42,18.62
1005,2015-09-23,15.26,15.81,15.77,15.53
1004,2015-03-06,18.06,18.79,18.15,18.52
1003,2015-04-13,21.69,22.44,22.28,22.1
1002,2018-10-03,10.17,10.41,10.37,10.29
1001,2015-05-08,15.9,16.22,15.93,16.21
1000,2016-10-05,5.07,5.39,5.27,5.1
999,2015-07-17,17.77,18.38,17.93,18.25
998,2018-08-01,7.7,9.8,9.58,7.9
997,2015-07-06,16.77,17.57,17.3,16.86
996,2015-06-02,17.71,18.15,17.76,17.8
995,2016-02-22,5.225,5.38,5.32,5.37
994,2018-09-07,10.71,11.38,10.83,11.2
993,2018-04-18,5.78,5.94,5.81,5.84
992,2016-06-06,5.167,5.3799,5.3,5.33
991,2017-11-28,5.23,5.55,5.49,5.25
990,2014-03-24,33.2,34.81,33.86,34.5
989,2016-07-26,5.91,6.135,5.92,6.04
988,2014-10-20,17.07,17.55,17.41,17.21
987,2018-02-21,4.71,4.92,4.73,4.87
986,2014-04-08,32.43,34.1575,33.21,33.95
985,2016-01-08,4.02,5.15,4.22,5.12
984,2016-02-17,4.8,5.33,5.03,4.85
983,2015-06-30,16.8084,17.1,16.87,17.02
982,2018-04-10,5.61,5.85,5.76,5.67
981,2018-06-20,8.58,8.83,8.65,8.68
980,2017-03-30,4.31,4.47,4.37,4.4
979,2016-05-12,5.62,6.0,5.77,6.0
978,2018-05-08,6.36,6.58,6.48,6.56
977,2014-11-11,20.7,21.48,21.39,20.95
976,2017-06-16,5.57,5.87,5.75,5.87
975,2017-02-23,4.19,4.3,4.21,4.29
974,2014-06-13,27.3,28.12,27.73,27.99
973,2014-10-31,18.245,18.71,18.44,18.42
972,2017-11-01,3.62,3.83,3.68,3.63
971,2016-04-20,5.82,6.08,6.05,5.82
970,2014-11-26,21.82,23.04,22.01,22.75
969,2014-01-02,43.78,46.87,43.78,46.87
968,2017-06-21,5.32,5.8,5.41,5.79
967,2016-11-09,4.69,5.06,4.99,4.69
966,2013-11-11,33.92,35.35,34.24,35.35
965,2018-08-15,10.8,11.63,10.94,11.63
964,2016-09-16,4.8,5.05,4.95,4.84
963,2017-12-22,5.34,5.45,5.37,5.44
962,2018-09-27,10.731,10.97,10.93,10.82
961,2016-12-15,6.805,7.3816,6.99,7.13
960,2014-03-28,31.66,33.0,32.68,32.0
959,2015-10-27,10.87,11.5,10.99,11.4
958,2018-06-05,7.85,8.04,7.99,7.87
957,2018-01-03,4.83,5.08,4.85,5.04
956,2015-02-02,17.83,18.67,18.67,18.26
955,2014-02-12,37.25,39.38,37.46,39.22
954,2016-04-01,5.77,6.25,6.22,5.81
953,2018-06-22,8.4,8.76,8.7,8.55
952,2014-12-17,18.74,20.01,19.69,18.77
951,2015-04-09,21.73,22.8,22.66,22.02
950,2016-08-04,5.28,5.43,5.3,5.37
949,2015-11-27,10.14,10.31,10.14,10.23
948,2016-12-20,6.75,7.19,7.15,6.85
947,2017-07-24,5.21,5.34,5.27,5.22
946,2015-06-22,16.58,16.95,16.66,16.95
945,2017-11-06,3.55,3.85,3.77,3.55
944,2017-08-08,4.47,4.68,4.54,4.67
943,2015-03-31,18.74,19.57,19.05,19.03
942,2016-09-19,4.91,5.07,4.93,4.95
941,2014-07-16,22.75,24.216,22.88,23.82
940,2016-01-20,4.09,4.6,4.54,4.33
939,2016-04-19,5.77,6.09,5.83,6.03
938,2014-01-14,37.6,39.669,38.18,39.6
937,2015-04-07,21.0917,22.36,21.74,21.25
936,2015-11-17,10.91,11.41,10.99,11.41
935,2018-01-16,4.55,5.01,4.74,5.01
934,2014-10-28,16.81,17.5,17.42,16.82
933,2013-12-30,43.6,46.28,45.98,43.6
932,2017-05-03,4.12,4.3,4.21,4.25
931,2016-02-16,4.52,4.99,4.78,4.52
930,2014-03-04,35.29,36.5,36.25,35.74
929,2018-06-07,8.23,8.56,8.35,8.31
928,2013-12-19,40.22,43.6,40.25,43.51
927,2017-06-26,5.41,5.73,5.67,5.41
926,2016-04-22,5.91,6.34,6.34,5.91
925,2017-09-26,4.24,4.36,4.27,4.25
924,2015-04-10,21.87,22.75,22.18,22.75
923,2018-06-19,8.1349,8.74,8.66,8.38
922,2017-06-06,5.22,5.6,5.36,5.59
921,2014-06-03,26.5,27.93,27.57,26.77
920,2017-04-21,4.12,4.28,4.24,4.25
919,2015-04-16,22.0,22.93,22.44,22.34
918,2018-09-28,10.84,11.21,11.1,10.89
917,2014-12-11,16.59,17.88,17.13,17.19
916,2017-09-05,4.02,4.25,4.11,4.19
915,2018-01-24,4.85,5.02,4.99,4.98
914,2015-10-21,12.12,12.48,12.22,12.33
913,2016-06-20,4.9586,5.18,5.06,4.96
912,2016-04-06,5.76,6.08,5.92,5.87
911,2015-01-20,17.68,18.5,18.43,18.22
910,2015-08-25,15.69,16.63,15.73,16.1
909,2016-06-02,5.31,5.44,5.38,5.31
908,2014-05-19,26.72,27.44,26.75,27.1
907,2018-08-17,10.89,11.3,11.28,11.12
906,2018-06-15,8.16,8.85,8.74,8.16
905,2014-04-22,31.0,31.71,31.44,31.48
904,2018-01-22,4.8,4.98,4.95,4.92
903,2016-06-13,4.8,5.09,4.81,5.03
902,2015-02-25,18.47,19.25,18.52,18.94
901,2018-07-26,6.72,7.18,6.76,7.12
900,2014-06-18,29.36,30.39,29.69,29.72
899,2017-05-12,3.87,3.98,3.9,3.93
898,2017-09-19,4.11,4.26,4.19,4.17
897,2017-08-30,4.08,4.17,4.11,4.15
896,2015-10-07,12.005,12.9799,12.04,12.7
895,2014-08-04,20.67,21.59,21.53,21.0
894,2017-02-15,4.21,4.35,4.27,4.3
893,2016-10-14,4.6201,4.78,4.66,4.68
892,2016-07-07,5.29,5.516,5.34,5.34
891,2017-10-23,3.91,4.13,3.95,4.0
890,2016-06-08,5.42,5.58,5.55,5.54
889,2017-04-06,4.03,4.19,4.15,4.11
888,2017-02-10,4.2,4.54,4.2,4.38
887,2015-07-24,17.88,18.5,18.35,18.05
886,2013-11-04,34.69,36.8,35.35,36.8
885,2014-02-19,35.51,37.01,35.81,36.9
884,2013-11-05,34.821,35.5,35.35,35.11
883,2017-10-31,3.6,3.74,3.61,3.71
882,2015-10-30,11.15,11.59,11.41,11.18
881,2015-04-29,17.17,18.595,17.85,18.5
880,2015-06-18,16.65,17.34,17.12,16.68
879,2014-12-23,19.81,20.84,20.02,19.89
878,2016-01-06,7.36,7.71,7.57,7.61
877,2015-07-13,18.4652,18.95,18.71,18.62
876,2016-04-18,5.88,6.05,6.0,5.93
875,2018-07-10,8.53,8.71,8.59,8.71
874,2016-06-30,5.15,5.39,5.35,5.32
873,2018-05-29,7.52,7.92,7.65,7.71
872,2017-04-17,3.97,4.13,4.1,4.06
871,2015-10-23,11.4,12.24,11.64,12.24
870,2014-09-17,22.1,23.17,22.45,23.11
869,2015-04-06,19.7,21.42,21.28,19.7
868,2016-09-02,5.29,5.4,5.33,5.38
867,2014-12-26,19.361,20.702,19.46,20.49
866,2018-05-04,5.96,6.38,6.21,6.07
865,2014-07-25,20.61,21.0,20.67,20.71
864,2017-11-10,5.2,5.49,5.37,5.37
863,2015-03-05,18.35,18.728,18.63,18.61
862,2016-11-28,5.7,6.04,5.77,6.04
861,2017-10-17,4.03,4.24,4.23,4.07
860,2014-01-08,38.69,41.5,39.01,41.23
859,2016-03-04,5.82,6.36,6.12,5.92
858,2016-06-21,4.91,5.21,4.98,5.14
857,2014-04-10,31.17,32.98,31.85,32.76
856,2015-03-12,18.46,18.98,18.94,18.47
855,2015-04-30,17.4,18.43,18.26,17.85
854,2018-04-19,5.76,5.96,5.85,5.83
853,2014-06-16,27.75,28.69,28.52,27.9
852,2017-05-15,3.86,3.98,3.93,3.9
851,2017-10-25,3.91,3.98,3.97,3.93
850,2016-03-18,5.97,6.32,6.28,6.08
849,2015-08-17,15.87,16.29,16.2,16.14
848,2013-12-17,40.82,42.43,42.4,41.41
847,2018-06-08,8.09,8.42,8.22,8.35
846,2014-08-01,20.74,21.1,21.0,21.02
845,2016-09-21,4.88,5.05,4.95,4.99
844,2015-08-05,16.92,17.71,17.15,17.4
843,2014-12-24,19.89,20.475,20.22,20.0
842,2014-09-23,22.57,23.41,23.08,23.19
841,2014-12-10,16.8235,17.47,16.97,17.47
840,2015-07-15,18.26,18.92,18.3,18.74
839,2015-03-23,18.69,20.16,19.84,18.72
838,2018-09-26,10.81,11.11,10.82,10.9
837,2015-02-04,18.79,19.45,19.19,18.92
836,2014-11-12,21.19,22.93,22.65,21.23
835,2017-01-03,6.3,6.5967,6.49,6.36
834,2015-04-27,20.55,21.8,21.69,21.25
833,2017-01-18,5.0,5.18,5.17,5.12
832,2016-09-14,4.755,4.89,4.84,4.89
831,2017-04-11,4.15,4.24,4.21,4.2
830,2017-03-27,3.88,3.98,3.96,3.89
829,2018-05-23,7.25,7.64,7.57,7.32
828,2014-08-27,21.4628,22.35,21.93,22.14
827,2015-11-12,11.55,11.93,11.74,11.69
826,2017-12-18,5.33,5.58,5.57,5.5
825,2016-04-27,6.78,7.34,6.91,6.92
824,2015-10-29,10.94,11.37,11.2,11.07
823,2016-05-23,5.22,5.47,5.3,5.37
822,2014-01-22,38.251,38.6695,38.43,38.5
821,2017-01-06,5.82,6.29,5.83,6.29
820,2014-05-08,25.56,26.82,25.79,25.79
819,2016-01-12,4.6,5.03,4.93,4.6
818,2014-10-17,17.1,17.74,17.28,17.47
817,2018-02-28,4.95,5.12,5.05,4.99
816,2015-06-03,17.4,18.08,17.67,17.77
815,2014-10-07,15.98,19.35,16.44,19.07
814,2015-11-02,11.3,11.79,11.74,11.4
813,2018-04-04,5.5598,5.7763,5.75,5.58
812,2016-08-19,5.28,5.41,5.3,5.28
811,2014-02-27,34.5,36.1,35.97,34.9
810,2017-12-26,5.32,5.47,5.42,5.32
809,2018-02-22,4.699,4.85,4.75,4.73
808,2013-12-03,42.22,43.69,43.13,43.5
807,2018-07-11,8.38,8.65,8.46,8.56
806,2016-11-21,5.87,6.119,6.02,5.94
805,2015-08-24,14.78,16.0,15.81,15.55
804,2016-06-09,5.28,5.56,5.29,5.49
803,2014-09-22,22.79,23.88,23.32,23.75
802,2018-06-21,8.61,8.93,8.71,8.66
801,2017-08-15,4.35,4.659,4.36,4.63
800,2017-03-24,3.9,3.98,3.95,3.98
799,2015-04-22,21.58,22.5,22.05,22.46
798,2013-11-18,34.28,38.32,37.64,34.75
797,2016-04-04,6.14,6.39,6.2,6.24
796,2018-02-23,4.78,4.86,4.83,4.78
795,2016-09-15,4.78,4.95,4.88,4.81
794,2017-01-20,5.04,5.18,5.09,5.15
793,2014-07-01,27.1735,28.09,27.66,27.83
792,2017-04-05,4.03,4.18,4.06,4.1
791,2016-10-31,4.86,4.9133,4.88,4.89
790,2016-08-01,5.05,5.45,5.35,5.36
789,2016-10-26,5.0,5.2,5.02,5.02
788,2018-02-01,4.66,4.82,4.76,4.75
787,2016-10-28,4.84,4.95,4.91,4.85
786,2015-01-27,18.3901,19.35,18.91,18.77
785,2014-08-15,20.694,21.79,21.0,21.79
784,2015-09-25,15.0,16.05,15.24,15.78
783,2018-04-11,5.71,5.8254,5.75,5.72
782,2018-08-22,11.17,11.54,11.32,11.36
781,2016-11-22,5.8327,6.1,5.9,6.1
780,2014-03-17,35.1,35.68,35.41,35.43
779,2016-07-06,5.12,5.4,5.32,5.12
778,2017-11-24,5.1,5.39,5.38,5.24
777,2015-06-19,16.81,17.35,16.81,17.18
776,2015-02-12,19.8342,20.37,20.02,20.0
775,2017-12-19,5.3,5.57,5.35,5.46
774,2017-04-04,4.05,4.14,4.1,4.05
773,2018-09-24,11.16,11.47,11.28,11.21
772,2017-11-21,5.33,5.55,5.4,5.51
771,2018-02-07,3.57,5.07,4.73,4.23
770,2018-07-20,7.65,7.93,7.72,7.88
769,2014-03-25,32.89,34.26,33.07,34.24
768,2018-08-24,10.9412,11.29,11.17,11.15
767,2016-07-11,5.54,5.6999,5.6,5.54
766,2018-09-19,10.67,10.94,10.9,10.67
765,2014-01-16,38.03,39.9706,38.91,39.9
764,2016-02-01,4.17,4.38,4.33,4.31
763,2017-05-10,4.01,4.1,4.04,4.08
762,2017-02-14,4.2,4.36,4.25,4.35
761,2014-08-28,21.11,21.7572,21.2,21.66
760,2018-07-18,8.01,8.23,8.05,8.2
759,2016-05-25,5.08,5.23,5.17,5.21
758,2014-08-12,21.96,22.68,21.97,22.58
757,2017-03-02,4.15,4.25,4.21,4.21
756,2014-11-28,21.77,22.28,21.78,22.06
755,2014-07-30,21.21,21.478,21.33,21.21
754,2016-05-16,5.45,5.7,5.46,5.51
753,2015-12-08,9.7005,10.09,10.01,9.79
752,2014-04-03,34.78,36.79,35.41,36.41
751,2017-09-21,4.18,4.31,4.25,4.2
750,2017-03-06,4.0,4.12,4.05,4.1
749,2013-11-08,34.73,35.46,34.95,35.3
748,2015-08-14,16.05,16.65,16.25,16.41
747,2014-10-09,15.49,16.57,16.0,16.56
746,2014-10-02,21.43,22.6,22.49,21.43
745,2018-02-08,4.61,5.0,4.86,4.75
744,2016-09-07,5.289,5.4,5.4,5.29
743,2015-02-05,19.13,19.75,19.27,19.19
742,2017-08-18,4.27,4.4,4.31,4.33
741,2017-12-20,5.33,5.48,5.41,5.38
740,2015-10-13,11.92,12.89,11.99,12.74
739,2017-09-22,4.2,4.31,4.29,4.25
738,2013-12-16,39.525,41.36,41.16,40.01
737,2018-04-25,5.85,6.17,5.99,6.17
736,2018-07-13,8.14,8.4621,8.17,8.39
735,2016-08-03,5.19,5.44,5.43,5.26
734,2015-10-26,11.35,11.87,11.45,11.63
733,2017-10-10,4.03,4.17,4.05,4.1
732,2014-07-08,26.75,27.65,27.07,27.65
731,2018-01-23,4.81,5.0,4.99,4.98
730,2018-05-15,6.38,6.55,6.43,6.43
729,2016-10-20,4.93,5.23,5.15,4.94
728,2014-12-08,17.01,17.82,17.36,17.46
727,2016-12-21,7.02,7.19,7.09,7.18
726,2017-08-11,4.31,4.54,4.46,4.35
725,2016-01-05,7.61,8.25,7.76,8.2
724,2015-11-06,12.31,12.5968,12.43,12.4
723,2015-10-16,12.22,12.55,12.45,12.44
722,2015-05-07,15.82,16.37,16.11,16.36
721,2014-11-25,22.98,23.62,23.12,23.41
720,2017-06-07,5.24,5.48,5.45,5.32
719,2015-11-04,11.82,12.42,11.88,12.16
718,2018-01-11,4.88,5.05,4.99,4.88
717,2018-01-05,4.77,4.94,4.85,4.94
716,2015-12-15,7.4501,7.978,7.87,7.57
715,2018-09-10,10.2711,10.83,10.8,10.7
714,2016-09-08,5.25,5.4,5.29,5.37
713,2016-12-19,6.8332,7.19,6.94,6.96
712,2016-12-08,6.7,7.54,7.51,6.84
711,2016-08-15,5.25,5.44,5.31,5.28
710,2016-02-05,4.065,4.26,4.07,4.2
709,2016-08-09,5.3183,5.52,5.33,5.47
708,2017-01-10,5.8,6.03,5.88,5.8
707,2015-04-08,21.14,22.135,22.07,21.74
706,2015-08-07,16.57,16.96,16.95,16.6
705,2016-09-30,4.85,5.04,5.02,4.85
704,2014-07-10,24.03,25.61,24.58,24.1
703,2016-09-20,4.94,5.03,4.96,4.95
702,2018-04-09,5.57,5.84,5.59,5.84
701,2015-07-20,17.71,18.18,18.03,18.0
700,2017-05-19,3.86,4.02,4.01,3.9
699,2016-05-26,5.1,5.295,5.17,5.22
698,2017-10-04,4.2,4.38,4.25,4.23
697,2016-11-03,4.615,4.83,4.62,4.82
696,2015-03-02,18.34,18.79,18.76,18.46
695,2015-01-12,18.171,18.9,18.37,18.33
694,2015-05-13,16.342,16.9,16.84,16.5
693,2018-05-07,6.21,6.62,6.57,6.28
692,2017-02-08,3.75,4.2,3.8,4.2
691,2013-12-23,41.84,43.35,42.88,42.44
690,2014-09-11,21.37,22.13,21.85,21.47
689,2014-02-18,36.71,37.8258,36.89,37.24
688,2015-03-03,18.62,19.17,19.01,18.65
687,2013-11-29,40.5,41.7,40.69,41.34
686,2016-08-12,5.16,5.33,5.33,5.3
685,2016-06-01,5.2,5.36,5.31,5.36
684,2016-08-30,5.25,5.39,5.3,5.29
683,2018-07-24,6.87,7.39,7.14,7.3
682,2017-06-09,5.52,5.89,5.82,5.6
681,2014-06-30,27.53,29.16,27.78,29.12
680,2015-10-14,11.3,12.06,11.42,12.04
679,2017-08-16,4.24,4.38,4.28,4.32
678,2016-03-29,5.77,6.0,5.94,5.97
677,2015-08-18,15.9,16.18,15.96,16.18
676,2018-09-06,11.22,11.57,11.25,11.5
675,2015-11-20,10.68,11.04,10.78,10.97
674,2018-06-11,8.17,8.47,8.41,8.24
673,2015-09-22,15.09,15.7,15.52,15.7
672,2014-10-27,16.79,17.47,16.84,17.3
671,2014-12-22,18.96,19.88,19.87,18.96
670,2018-09-14,10.52,10.91,10.69,10.91
669,2017-10-06,4.18,4.28,4.23,4.25
668,2017-01-30,4.85,5.04,4.88,5.03
667,2017-07-06,5.5801,5.95,5.67,5.65
666,2015-04-23,21.39,22.5,21.75,22.5
665,2014-10-03,22.54,23.225,22.77,22.76
664,2014-05-06,26.57,27.98,26.63,27.8
663,2015-12-30,7.8,8.53,8.25,7.89
662,2013-12-13,38.75,39.57,39.36,38.75
661,2017-02-01,4.71,5.03,4.77,4.9
660,2018-08-09,11.01,11.4743,11.07,11.11
659,2014-11-20,21.79,23.2,23.1,21.79
658,2016-05-13,5.49,5.81,5.5,5.77
657,2016-11-01,4.8,4.97,4.8,4.92
656,2015-05-22,17.45,18.11,17.77,17.7
655,2017-06-08,5.42,5.7,5.62,5.44
654,2015-06-01,17.76,18.4,17.88,18.38
653,2017-03-29,4.02,4.43,4.4,4.05
652,2018-01-02,4.7151,5.09,5.08,4.79
651,2017-04-19,4.02,4.13,4.09,4.06
650,2017-12-21,5.35,5.49,5.41,5.46
649,2017-01-12,5.5,5.78,5.65,5.78
648,2017-06-30,5.66,5.96,5.92,5.86
647,2015-02-06,18.93,19.4,19.25,19.21
646,2016-02-02,4.08,4.32,4.12,4.32
645,2016-10-11,5.315,5.495,5.35,5.4
644,2014-09-25,22.7485,23.45,23.18,23.38
643,2015-09-03,16.47,17.02,16.62,16.62
642,2015-06-17,16.59,16.94,16.69,16.73
641,2017-08-17,4.2,4.38,4.33,4.24
640,2018-04-02,5.33,5.61,5.52,5.5
639,2014-01-09,36.5,40.5,38.1,40.35
638,2014-09-30,21.63,22.66,21.77,22.52
637,2017-02-06,4.62,4.88,4.63,4.65
636,2016-08-24,5.27,5.44,5.33,5.37
635,2018-07-25,7.03,7.26,7.11,7.14
634,2015-05-28,17.91,18.47,18.46,17.97
633,2016-07-25,5.95,6.16,6.03,6.02
632,2018-02-16,4.93,5.17,4.99,5.04
631,2016-05-18,5.33,5.617,5.33,5.51
630,2015-06-29,16.82,17.22,16.91,17.08
629,2014-07-31,20.95,21.4,21.03,21.11
628,2016-12-06,5.94,6.27,6.23,6.0
627,2015-02-24,18.7425,19.29,18.91,18.83
626,2015-08-10,16.87,17.2,17.05,16.97
625,2016-03-11,5.75,6.14,6.07,5.78
624,2014-05-16,26.6076,27.38,27.34,27.04
623,2016-07-22,5.82,6.11,6.05,5.9
622,2015-04-15,22.14,23.207,22.48,22.65
621,2014-02-06,35.49,37.46,37.03,35.77
620,2013-12-10,39.48,42.0,39.65,41.64
619,2014-07-15,23.58,24.86,23.85,24.59
618,2014-11-03,18.36,18.73,18.58,18.44
617,2015-12-22,7.95,8.25,8.06,8.16
616,2013-12-27,43.05,43.8,43.52,43.71
615,2014-12-16,17.97,19.0,18.64,18.02
614,2014-11-10,20.4,21.95,20.99,21.95
613,2014-07-21,21.36,22.51,21.84,22.25
612,2014-04-23,31.06,32.05,31.16,31.25
611,2013-11-19,34.95,38.1291,35.16,37.78
610,2016-08-02,5.23,5.37,5.29,5.25
609,2017-09-29,4.19,4.34,4.21,4.31
608,2013-11-13,33.05,34.5,34.15,33.5
607,2016-07-18,5.66,5.98,5.93,5.7
606,2017-07-17,5.63,5.85,5.66,5.7
605,2014-07-23,20.701,21.26,21.0,20.9
604,2018-09-20,10.57,11.03,10.98,10.65
603,2018-01-30,4.71,4.92,4.91,4.89
602,2015-09-10,16.64,17.22,16.98,16.86
601,2018-05-25,7.23,7.85,7.82,7.34
600,2014-09-15,22.23,22.98,22.7,22.51
599,2017-10-05,4.2,4.33,4.25,4.25
598,2017-04-26,4.23,4.42,4.32,4.24
597,2017-07-28,5.26,5.42,5.28,5.31
596,2014-04-15,29.355,31.75,30.9,31.0
595,2017-11-30,5.62,5.88,5.7,5.8
594,2016-05-03,6.5,6.73,6.55,6.67
593,2017-04-10,3.96,4.26,4.21,4.03
592,2013-11-12,33.7501,34.54,33.99,34.54
591,2014-08-08,22.01,22.6,22.44,22.07
590,2014-05-23,26.1665,28.34,27.3,26.27
589,2018-06-14,7.85,8.21,8.15,8.0
588,2013-12-02,41.28,43.52,43.09,41.6
587,2015-03-13,18.74,19.26,18.93,18.95
586,2015-10-20,12.1,12.5,12.23,12.14
585,2014-05-09,25.7,26.09,25.95,25.7
584,2016-09-09,5.0,5.25,5.14,5.2
583,2016-10-18,4.7482,4.9088,4.88,4.79
582,2016-07-19,5.82,6.22,5.85,6.22
581,2018-03-28,5.335,5.64,5.38,5.59
580,2014-01-13,39.0,40.6,39.09,40.48
579,2014-07-02,27.11,29.39,27.25,28.0
578,2016-11-25,5.9001,6.058,5.94,6.01
577,2018-05-03,6.06,6.25,6.08,6.22
576,2018-01-04,4.75,4.99,4.96,4.85
575,2014-09-04,21.21,22.18,21.67,21.28
574,2018-02-15,4.972,5.185,5.06,5.12
573,2016-11-15,5.4,5.75,5.69,5.4
572,2015-01-21,18.27,19.52,19.22,18.41
571,2015-09-04,16.38,16.83,16.4,16.42
570,2017-03-07,3.87,4.08,3.96,4.05
569,2015-10-12,11.9,12.76,12.73,11.91
568,2016-11-02,4.78,4.9,4.8,4.79
567,2017-10-18,4.07,4.3,4.1,4.19
566,2014-03-12,33.5,36.27,35.43,33.8
565,2015-04-01,18.59,19.14,18.73,18.93
564,2014-11-24,22.207,23.45,23.44,22.3
563,2017-07-13,5.64,5.79,5.77,5.65
562,2014-10-13,15.52,16.49,15.66,16.05
561,2015-10-28,10.86,11.34,11.13,10.99
560,2017-09-27,4.24,4.38,4.28,4.3
559,2018-02-13,4.72,5.01,5.0,4.72
558,2015-08-28,16.18,16.922,16.83,16.2
557,2015-09-11,16.21,16.86,16.36,16.86
556,2018-06-06,8.04,8.385,8.31,8.04
555,2014-05-30,27.82,28.99,28.66,28.0
554,2016-07-05,5.09,5.4008,5.29,5.34
553,2017-03-31,4.21,4.35,4.23,4.35
552,2014-06-24,28.82,29.8565,28.9,29.64
551,2018-08-14,11.66,12.4172,11.73,12.06
550,2016-04-13,5.97,6.47,6.19,5.97
549,2015-06-10,16.64,17.18,16.95,17.08
548,2015-01-14,16.7,17.96,17.77,17.1
547,2015-01-30,18.18,19.21,18.22,18.86
546,2014-04-17,30.861,31.74,31.61,31.05
545,2018-03-22,5.23,5.48,5.36,5.45
544,2017-08-25,4.21,4.37,4.35,4.28
543,2017-10-20,3.91,4.06,3.99,3.97
542,2014-01-17,37.75,39.4,38.38,39.2
541,2014-09-03,20.81,21.645,21.36,21.4
540,2014-10-01,21.11,21.8,21.43,21.72
539,2014-10-10,15.68,16.49,16.06,16.0
538,2018-10-02,10.1301,10.46,10.26,10.41
537,2014-01-23,37.75,38.7499,38.0,38.74
536,2014-02-13,35.91,37.0,36.43,37.0
535,2015-06-15,16.391,17.09,16.73,16.88
534,2017-12-15,5.26,5.46,5.34,5.35
533,2017-11-03,3.53,3.69,3.56,3.69
532,2014-01-21,38.1001,38.99,38.43,38.99
531,2016-03-30,5.94,6.2201,6.07,5.99
530,2016-12-22,6.5,7.14,6.68,7.1
529,2015-02-19,19.69,20.2,19.88,20.01
528,2016-06-03,5.2,5.43,5.3,5.38
527,2015-09-14,16.18,16.83,16.82,16.33
526,2018-09-05,11.21,11.52,11.43,11.37
525,2014-02-03,34.5037,37.4,36.14,36.8
524,2018-08-27,11.14,11.32,11.16,11.25
523,2015-02-20,19.14,19.96,19.57,19.86
522,2017-07-12,5.49,5.74,5.66,5.6
521,2015-12-28,7.82,7.98,7.85,7.94
520,2017-12-11,5.63,5.95,5.67,5.94
519,2014-10-22,16.96,17.4599,16.99,17.31
518,2016-08-11,5.32,5.47,5.38,5.37
517,2015-07-27,17.84,18.38,17.94,18.3
516,2014-09-18,21.96,22.95,22.85,21.96
515,2018-09-12,10.64,11.21,10.92,11.09
514,2015-08-19,15.74,15.97,15.76,15.96
513,2015-03-09,18.03,18.56,18.18,18.24
512,2015-10-15,11.59,12.55,12.45,11.59
511,2014-08-05,21.09,21.95,21.17,21.34
510,2014-10-30,21.8,22.9375,22.62,22.51
509,2015-01-06,17.53,18.69,18.48,18.39
508,2016-12-07,6.3,6.92,6.79,6.35
507,2018-04-05,5.77,5.88,5.83,5.79
506,2016-12-16,7.01,7.33,7.12,7.05
505,2016-06-22,4.78,5.14,4.78,5.0
504,2018-03-09,5.05,5.77,5.31,5.1
503,2013-11-06,35.61,36.49,35.9,35.61
502,2015-03-19,18.964,19.88,19.43,18.97
501,2014-09-05,21.23,21.82,21.78,21.51
500,2017-02-13,4.2,4.45,4.38,4.2
499,2017-08-23,4.08,4.21,4.16,4.08
498,2017-09-06,4.04,4.2,4.11,4.15
497,2016-05-10,6.35,6.53,6.39,6.49
496,2015-06-04,17.16,17.69,17.2,17.56
495,2016-08-18,5.2001,5.35,5.32,5.24
494,2016-07-08,5.43,5.65,5.49,5.43
493,2016-06-15,4.7,5.17,4.85,4.7
492,2013-12-06,42.311,44.7,42.5,44.49
491,2016-07-28,5.62,5.87,5.65,5.85
490,2015-04-24,21.27,21.89,21.47,21.75
489,2015-11-03,11.61,12.26,12.11,11.67
488,2016-08-16,5.19,5.35,5.31,5.26
487,2016-12-01,5.68,5.9,5.81,5.79
486,2015-09-02,16.41,16.785,16.65,16.62
485,2014-06-09,27.35,27.85,27.5,27.5
484,2015-02-03,18.71,19.49,19.14,18.71
483,2018-08-29,11.0,11.23,11.2,11.13
482,2018-04-26,5.94,6.24,6.17,6.0
481,2017-11-14,5.43,5.74,5.5,5.57
480,2017-08-29,4.06,4.31,4.11,4.31
479,2015-12-10,9.76,10.11,10.1,9.89
478,2016-04-25,5.785,6.32,5.83,6.32
477,2014-09-08,21.5501,22.5,22.17,21.67
476,2014-03-18,35.18,36.299,35.82,35.49
475,2017-05-30,5.49,5.83,5.78,5.65
474,2015-08-11,16.75,17.08,16.82,16.93
473,2014-06-10,26.86,27.44,27.37,27.29
472,2017-08-02,5.41,5.55,5.51,5.5
471,2014-05-01,27.22,28.04,27.79,27.68
470,2016-02-12,3.89,4.51,4.44,3.98
469,2015-06-24,16.79,17.46,17.14,16.85
468,2016-12-27,6.38,6.65,6.63,6.54
467,2018-09-04,11.18,11.62,11.38,11.25
466,2016-04-11,5.65,5.91,5.7,5.65
465,2018-05-24,7.25,7.5956,7.3,7.5
464,2017-03-28,3.96,4.05,4.05,3.96
463,2016-11-08,4.62,4.87,4.87,4.73
462,2018-07-19,7.85,8.12,7.91,7.98
461,2016-12-05,5.94,6.09,6.03,5.94
460,2017-01-09,5.66,5.89,5.73,5.85
459,2015-09-18,15.9,16.56,16.04,16.55
458,2014-12-29,19.3,20.18,19.97,19.47
457,2017-02-21,4.22,4.38,4.31,4.3
456,2014-10-24,16.58,17.38,17.29,16.73
455,2018-01-17,4.6805,4.96,4.86,4.81
454,2017-09-01,4.0331,4.22,4.22,4.06
453,2015-12-18,7.12,7.83,7.8,7.13
452,2017-06-15,5.77,6.12,5.91,5.86
451,2015-01-08,19.51,21.68,21.21,20.7
450,2017-08-28,4.23,4.4,4.29,4.37
449,2015-02-09,18.85,19.21,19.09,19.21
448,2017-05-11,3.9,4.09,3.98,4.06
447,2014-11-06,18.75,19.43,19.23,18.76
446,2018-07-27,6.65,6.89,6.67,6.81
445,2017-10-19,3.9,4.07,3.94,4.05
444,2014-05-29,26.8,28.25,28.09,27.06
443,2015-02-10,18.86,19.78,19.5,19.12
442,2014-02-20,35.5009,36.15,35.65,35.71
441,2016-08-17,5.21,5.32,5.26,5.32
440,2014-07-09,22.88,24.9,24.8,23.01
439,2015-02-13,19.91,20.73,20.17,19.96
438,2017-03-22,3.82,3.94,3.94,3.94
437,2014-08-19,21.02,21.75,21.46,21.03
436,2015-07-22,18.0,18.45,18.12,18.12
435,2015-05-04,16.5,17.25,16.84,17.25
434,2018-04-23,5.71,5.89,5.83,5.76
433,2014-11-04,18.49,18.74,18.57,18.58
432,2014-11-19,21.82,23.25,22.0,23.25
431,2014-01-29,34.23,36.2,35.45,36.14
430,2018-06-01,7.55,7.75,7.68,7.7
429,2013-11-15,33.33,33.85,33.55,33.75
428,2016-07-12,5.6733,5.97,5.88,5.69
427,2018-01-18,4.72,4.89,4.73,4.84
426,2016-11-10,5.0,5.18,5.08,5.1
425,2017-05-02,4.12,4.35,4.29,4.12
424,2017-07-27,5.27,5.44,5.33,5.39
423,2014-09-26,22.73,23.23,23.04,23.15
422,2017-10-09,4.01,4.24,4.06,4.21
421,2014-08-22,22.02,23.279,22.75,22.02
420,2014-04-04,34.2365,35.66,34.55,35.66
419,2015-10-19,12.06,12.55,12.2,12.42
418,2015-05-27,17.65,18.32,18.05,17.8
417,2015-03-26,18.08,18.99,18.28,18.5
416,2014-05-27,27.5,28.49,27.59,27.95
415,2014-08-20,21.25,22.616,22.51,21.25
414,2017-10-27,3.79,3.98,3.8,3.93
413,2015-05-12,16.11,16.63,16.52,16.34
412,2015-08-13,16.31,16.76,16.47,16.73
411,2018-05-18,7.21,8.3299,8.01,7.31
410,2015-07-01,16.08,17.0275,16.35,16.98
409,2014-06-02,26.87,28.9899,26.95,28.75
408,2016-02-03,3.93,4.19,4.08,4.19
407,2016-01-22,4.575,5.0299,4.59,4.92
406,2015-12-21,7.54,8.42,8.2,7.55
405,2014-08-25,22.25,22.87,22.42,22.77
404,2016-03-22,6.0,6.335,6.03,6.27
403,2015-07-29,17.96,18.49,18.37,18.05
402,2016-06-29,5.05,5.34,5.31,5.15
401,2018-01-25,4.88,5.0402,5.02,5.02
400,2014-12-19,18.74,19.47,19.02,19.17
399,2014-02-04,36.07,37.4765,36.75,36.15
398,2018-08-03,9.86,10.94,10.9,10.0
397,2018-05-22,7.6162,8.5,8.18,7.66
396,2017-03-14,3.85,4.02,3.92,3.93
395,2018-03-21,5.37,5.64,5.5,5.4
394,2015-09-24,15.49,15.9,15.7,15.65
393,2017-11-02,3.59,3.7,3.63,3.68
392,2017-12-12,5.5,5.65,5.52,5.65
391,2016-01-13,4.785,5.15,4.79,5.0
390,2018-07-02,8.09,8.47,8.3,8.37
389,2017-01-05,6.22,6.6,6.29,6.6
388,2013-12-24,42.9583,43.49,43.33,43.2
387,2014-03-14,34.69,35.88,35.28,34.69
386,2017-07-10,5.42,5.64,5.44,5.58
385,2015-01-16,16.972,18.33,18.15,17.36
384,2018-09-18,10.53,10.9969,10.72,10.76
383,2018-03-05,4.69,4.9,4.72,4.87
382,2015-07-14,18.53,19.0,18.71,18.65
381,2018-08-31,11.03,11.47,11.3,11.03
380,2014-05-12,26.18,27.69,27.5,26.18
379,2014-06-06,26.9,27.87,27.51,27.14
378,2017-05-18,3.82,3.99,3.9,3.91
377,2016-11-04,4.64,4.83,4.68,4.64
376,2017-02-03,4.64,4.76,4.65,4.68
375,2016-01-28,4.13,4.45,4.16,4.41
374,2015-11-16,10.97,11.32,11.3,11.0
373,2018-01-09,4.57,4.87,4.64,4.87
372,2018-03-13,5.38,5.86,5.43,5.6
371,2018-03-06,4.69,4.95,4.91,4.72
370,2014-04-14,30.14,31.696,30.99,31.59
369,2017-03-09,3.92,4.35,3.94,4.35
368,2013-11-07,34.12,36.8,35.31,36.8
367,2018-04-24,5.77,6.19,6.13,5.89
366,2017-11-08,4.17,5.23,5.2,4.7
365,2016-10-12,4.82,5.33,4.86,5.33
364,2018-06-04,7.69,8.032,7.85,7.7
363,2016-11-23,5.93,6.09,6.01,5.93
362,2018-07-31,6.51,6.72,6.63,6.59
361,2014-04-02,34.4395,36.49,36.29,34.9
360,2014-03-06,35.57,37.25,35.8,36.75
359,2018-06-25,8.43,8.7,8.54,8.7
358,2015-10-01,12.58,14.91,14.69,14.13
357,2017-02-07,4.3,4.63,4.32,4.63
356,2016-05-04,6.36,6.8486,6.38,6.5
355,2015-05-20,17.04,17.53,17.49,17.46
354,2015-12-11,7.935,9.47,8.12,9.4
353,2016-01-04,7.91,8.28,8.17,8.04
352,2015-10-09,11.75,12.28,11.9,11.81
351,2017-12-27,4.8,5.39,4.96,5.39
350,2015-04-20,22.03,23.01,22.94,22.37
349,2014-03-13,34.38,35.982,35.08,35.71
348,2013-12-26,42.31,43.65,42.74,43.65
347,2015-01-28,18.11,19.03,18.69,18.91
346,2016-03-01,5.3202,5.58,5.41,5.41
345,2017-08-24,4.16,4.3,4.28,4.23
344,2015-11-18,10.86,11.07,10.95,11.01
343,2017-05-01,4.05,4.19,4.18,4.1
342,2018-08-21,11.2232,11.49,11.33,11.28
341,2017-05-08,4.06,4.12,4.09,4.11
340,2016-10-27,4.85,5.12,4.85,5.06
339,2015-06-25,17.0,17.6,17.41,17.17
338,2016-09-01,5.23,5.362,5.35,5.34
337,2013-12-09,41.3,43.21,41.65,42.89
336,2017-04-13,3.97,4.1,4.03,4.07
335,2015-12-31,7.87,8.21,8.2,8.12
334,2015-05-18,17.2502,18.3,17.68,17.58
333,2017-04-25,4.14,4.31,4.24,4.26
332,2014-02-05,35.42,36.5,35.76,36.45
331,2016-08-29,5.26,5.4199,5.35,5.3
330,2015-03-18,18.6,19.1,19.02,18.72
329,2016-03-24,5.405,5.95,5.92,5.66
328,2015-12-24,7.83,8.06,7.99,8.0
327,2017-11-07,3.78,3.98,3.83,3.88
326,2015-05-01,17.0,18.3,17.19,18.3
325,2014-06-12,27.37,28.3799,27.99,27.52
324,2017-06-22,5.35,5.57,5.49,5.41
323,2015-03-04,18.18,18.99,18.67,18.99
322,2015-08-26,15.27,15.98,15.88,15.98
321,2014-04-29,26.14,29.63,28.5,27.08
320,2015-10-05,14.95,16.1,15.57,15.14
319,2014-08-21,21.67,22.565,22.01,22.5
318,2016-07-01,5.33,5.63,5.42,5.38
317,2016-07-27,5.77,6.04,5.87,5.97
316,2018-04-27,6.05,6.34,6.33,6.2
315,2016-11-18,5.83,6.0,5.87,5.98
314,2018-03-27,5.5,5.65,5.57,5.64
313,2015-06-05,16.51,17.86,16.67,17.18
312,2014-12-15,17.72,18.57,18.15,17.72
311,2017-04-07,4.07,4.19,4.07,4.15
310,2017-04-24,4.19,4.33,4.26,4.3
309,2014-12-31,18.55,19.568,19.13,19.28
308,2016-03-15,5.566,6.03,5.59,6.0
307,2015-02-18,19.78,20.59,20.03,19.8
306,2018-08-08,10.6,11.28,10.99,10.81
305,2014-09-16,22.64,23.46,23.11,22.64
304,2013-12-12,37.85,38.879,38.74,38.0
303,2016-04-12,5.71,6.08,5.91,5.72
302,2016-05-17,5.37,5.72,5.53,5.46
301,2017-06-20,5.55,5.89,5.76,5.89
300,2015-06-26,17.13,17.5,17.37,17.4
299,2014-05-20,25.44,26.6,26.0,26.52
298,2014-12-01,19.21,21.73,19.28,21.73
297,2015-07-21,17.97,18.28,18.2,18.07
296,2014-09-02,20.65,21.46,21.4,21.23
295,2017-10-30,3.69,3.8,3.71,3.79
294,2017-04-03,4.05,4.26,4.08,4.26
293,2016-09-13,4.83,5.1,4.84,5.07
292,2017-12-29,4.73,5.05,4.74,5.05
291,2013-12-04,41.48,44.51,41.82,43.83
290,2016-05-19,5.1,5.47,5.11,5.3
289,2014-08-13,21.17,21.96,21.41,21.9
288,2014-05-15,26.27,27.23,27.14,26.76
287,2017-03-01,4.12,4.32,4.21,4.17
286,2018-01-26,4.82,5.04,4.96,5.04
285,2015-12-23,8.01,8.3,8.02,8.01
284,2017-11-27,5.12,5.35,5.22,5.35
283,2016-02-26,5.08,5.44,5.27,5.12
282,2015-07-23,17.9,18.29,18.03,18.13
281,2014-10-15,16.59,17.51,17.41,17.0
280,2014-10-06,21.7327,23.15,21.89,22.8
279,2016-01-21,4.51,5.1,4.78,4.52
278,2015-07-09,17.37,18.2476,17.89,17.94
277,2018-03-29,5.33,5.7,5.44,5.46
276,2016-12-30,6.22,6.55,6.35,6.53
275,2014-07-28,20.32,21.17,20.85,20.64
274,2016-04-14,5.87,6.25,5.88,6.19
273,2017-01-24,5.0085,5.146,5.06,5.08
272,2018-05-01,6.09,6.25,6.23,6.21
271,2017-06-27,5.54,5.77,5.7,5.67
270,2017-07-31,5.21,5.37,5.35,5.29
269,2017-05-25,5.4,5.69,5.58,5.55
268,2016-10-03,4.96,5.21,5.19,4.98
267,2015-09-16,17.01,17.7,17.29,17.24
266,2018-05-16,6.47,7.1,7.07,6.47
265,2018-02-02,4.6,4.8,4.69,4.69
264,2015-08-12,16.17,17.05,16.67,16.81
263,2014-09-19,22.84,24.0,23.76,22.88
262,2016-11-30,5.7,6.08,5.75,6.0
261,2014-03-07,34.69,35.89,34.86,35.89
260,2017-10-11,4.01,4.14,4.06,4.03
259,2014-07-11,24.14,24.76,24.25,24.68
258,2016-11-07,4.73,4.88,4.76,4.76
257,2014-07-07,27.06,27.96,27.52,27.5
256,2018-08-07,10.45,11.09,10.81,10.55
255,2016-01-11,4.23,4.5401,4.46,4.23
254,2014-06-19,29.51,30.68,29.96,29.85
253,2015-01-26,18.64,19.58,19.09,18.72
252,2014-01-27,37.5,38.63,37.74,38.06
251,2016-03-23,5.39,6.03,5.74,6.01
250,2015-04-28,16.38,18.65,18.61,16.52
249,2016-07-20,5.78,6.13,6.05,5.86
248,2018-04-16,5.591,5.85,5.77,5.65
247,2014-12-05,17.49,18.4942,17.54,17.89
246,2018-09-13,10.775,11.03,10.95,10.95
245,2014-01-10,38.1,39.739,39.45,38.47
244,2017-07-14,5.63,5.84,5.76,5.77
243,2017-04-27,4.22,4.37,4.34,4.33
242,2018-05-11,6.37,6.48,6.41,6.37
241,2015-05-11,15.87,16.6,16.45,15.93
240,2014-06-17,28.22,29.62,29.34,28.52
239,2017-05-23,4.09,4.25,4.15,4.15
238,2018-08-06,10.47,11.53,10.58,10.9
237,2017-12-07,5.93,6.14,6.07,6.07
236,2014-05-07,25.5,26.77,25.97,26.61
235,2014-04-01,33.65,35.39,34.72,33.96
234,2017-08-21,4.02,4.33,4.16,4.15
233,2016-09-26,4.97,5.05,5.01,5.04
232,2014-09-10,21.01,21.747,21.63,21.24
231,2014-06-04,26.8,27.55,26.82,27.55
230,2016-06-23,4.86,5.538,5.32,4.86
229,2015-05-05,16.5,16.95,16.65,16.89
228,2016-04-15,5.81,6.02,5.96,5.85
227,2014-06-20,28.8,30.15,29.98,29.86
226,2016-03-31,5.77,6.05,5.87,6.04
225,2016-04-21,5.89,6.17,5.94,6.1
224,2018-02-06,4.36,4.97,4.75,4.4
223,2016-09-28,4.92,5.07,5.05,4.95
222,2017-03-10,3.95,4.06,4.01,4.0
221,2014-12-02,19.07,19.69,19.1,19.31
220,2013-12-20,38.6,42.41,41.28,40.97
219,2015-07-08,17.32,19.1999,17.93,18.41
218,2016-05-02,6.73,7.12,6.81,7.08
217,2015-01-05,18.13,19.182,18.32,19.11
216,2015-05-21,17.39,17.89,17.63,17.55
215,2015-03-24,19.45,20.67,19.93,19.83
214,2017-03-21,3.85,4.02,3.96,4.02
213,2015-09-28,14.7,15.27,15.12,15.16
212,2015-07-31,18.11,18.865,18.18,18.43
211,2018-01-29,4.85,4.94,4.9,4.92
210,2014-05-05,27.79,28.8,27.9,28.65
209,2015-02-26,17.88,18.96,18.56,18.63
208,2014-03-26,31.64,33.47,32.08,33.13
207,2017-06-05,5.45,5.72,5.63,5.55
206,2017-03-23,3.93,4.03,3.97,3.93
205,2015-05-19,17.16,17.78,17.47,17.68
204,2016-12-12,7.45,8.2499,7.48,8.13
203,2014-10-14,15.67,17.34,17.3,15.67
202,2015-06-09,16.84,17.44,16.95,16.86
201,2014-04-07,33.46,34.5,34.03,34.3
200,2018-04-06,5.71,5.88,5.78,5.78
199,2018-06-27,8.32,8.75,8.33,8.71
198,2016-02-29,5.2745,5.7,5.41,5.28
197,2013-12-18,42.52,43.96,43.81,42.8
196,2016-08-25,5.29,5.46,5.33,5.37
195,2017-02-16,4.18,4.3,4.26,4.25
194,2014-03-21,34.17,35.8975,34.47,35.64
193,2016-08-23,5.37,5.52,5.43,5.4
192,2015-11-30,10.2,10.46,10.27,10.2
191,2015-12-02,10.01,10.41,10.29,10.03
190,2014-08-06,21.02,22.59,22.27,21.09
189,2017-01-26,5.0,5.11,5.01,5.11
188,2018-04-17,5.8,5.94,5.81,5.88
187,2016-04-08,5.46,5.81,5.6,5.74
186,2016-09-27,4.91,5.065,4.92,5.0
185,2016-01-14,4.65,4.87,4.78,4.79
184,2017-07-19,5.53,5.67,5.57,5.63
183,2014-12-03,18.7,19.07,18.8,19.07
182,2017-08-03,4.27,5.35,4.32,5.24
181,2014-04-24,30.07,31.42,30.67,31.39
180,2018-06-12,8.05,8.54,8.14,8.45
179,2014-06-25,29.0,29.9,29.18,29.72
178,2015-08-20,16.01,17.02,16.58,16.01
177,2014-11-14,22.4,23.8764,23.41,22.59
176,2016-05-05,6.32,6.61,6.39,6.49
175,2016-05-11,5.75,6.3568,5.96,6.33
174,2018-09-17,10.465,10.75,10.71,10.7
173,2015-02-17,19.79,20.49,19.89,20.01
172,2014-11-05,18.487,19.06,18.8,18.7
171,2017-04-18,4.02,4.09,4.04,4.06
170,2017-12-04,5.9,6.27,6.09,5.9
169,2016-10-24,5.15,5.39,5.18,5.34
168,2016-09-29,4.835,5.095,4.84,5.03
167,2017-01-11,5.66,5.91,5.76,5.91
166,2015-01-02,18.99,19.77,19.38,19.29
165,2017-09-13,4.09,4.24,4.15,4.09
164,2014-10-21,17.18,17.6,17.32,17.58
163,2013-11-27,40.35,41.5,40.48,41.14
162,2017-09-12,4.08,4.28,4.1,4.18
161,2018-04-30,6.18,6.4,6.23,6.37
160,2017-12-06,5.93,6.15,6.03,6.06
159,2016-07-15,5.65,5.825,5.73,5.8
158,2014-04-25,29.66,30.56,29.9,30.5
157,2016-08-26,5.28,5.38,5.29,5.32
156,2017-09-25,4.22,4.43,4.24,4.28
155,2016-03-02,5.33,5.49,5.45,5.33
154,2015-10-22,12.13,12.444,12.21,12.37
153,2016-03-09,5.81,6.05,5.86,5.89
152,2014-04-30,27.5,28.96,27.59,28.37
151,2017-05-17,3.82,3.96,3.9,3.84
150,2016-11-16,5.61,5.945,5.87,5.65
149,2015-10-08,11.5,12.25,11.75,12.1
148,2015-09-30,13.41,14.42,14.08,14.37
147,2016-03-21,6.03,6.4256,6.31,6.27
146,2016-06-27,4.92,5.369,5.05,5.3
145,2017-09-11,4.16,4.23,4.18,4.22
144,2016-06-14,4.65,4.92,4.67,4.8
143,2017-11-17,5.21,5.55,5.51,5.31
142,2014-02-10,37.68,38.95,38.18,38.6
141,2015-03-11,18.18,18.91,18.55,18.39
140,2016-01-07,7.06,7.95,7.18,7.46
139,2015-09-08,16.55,17.0,16.94,16.58
138,2017-01-17,5.05,5.42,5.18,5.4
137,2014-05-13,26.98,27.8799,27.25,27.4
136,2013-11-20,33.75,35.98,34.14,35.98
135,2016-08-10,5.28,5.64,5.4,5.3
134,2017-02-28,4.1,4.3,4.2,4.27
133,2017-01-04,6.5,6.74,6.69,6.51
132,2017-10-13,3.93,4.01,3.94,3.98
131,2016-03-14,5.83,6.14,6.01,6.07
130,2016-10-21,5.076,5.36,5.29,5.1
129,2018-10-01,10.35,11.13,10.44,11.1
128,2014-02-07,37.14,38.79,38.42,37.14
127,2014-01-30,35.53,37.0,36.82,35.79
126,2015-07-02,16.31,17.61,17.03,16.36
125,2017-09-20,4.12,4.22,4.21,4.16
124,2018-07-12,8.321,8.55,8.39,8.5
123,2015-01-23,18.27,18.94,18.83,18.79
122,2017-07-25,5.27,5.55,5.47,5.3
121,2015-12-03,10.05,10.39,10.12,10.33
120,2016-07-29,5.52,5.71,5.53,5.61
119,2018-08-02,9.2733,10.15,10.02,9.35
118,2018-05-30,7.63,7.95,7.87,7.68
117,2016-12-23,6.44,6.79,6.54,6.66
116,2015-11-11,11.73,12.22,11.79,12.12
115,2018-07-09,8.4,8.7,8.61,8.54
114,2015-08-03,17.14,18.27,17.28,18.27
113,2017-11-16,5.04,5.27,5.23,5.06
112,2017-03-08,3.93,4.4,4.39,3.95
111,2016-10-19,4.88,5.05,4.97,4.88
110,2016-08-22,5.2,5.396,5.36,5.22
109,2016-01-15,4.371,4.68,4.62,4.65
108,2017-08-04,4.38,4.73,4.7,4.38
107,2018-09-21,10.955,11.4,11.19,11.0
106,2017-08-10,4.31,4.58,4.4,4.54
105,2017-06-28,5.62,5.81,5.69,5.74
104,2016-08-31,5.22,5.34,5.32,5.27
103,2016-02-24,5.045,5.25,5.12,5.25
102,2017-10-16,3.94,4.11,4.09,3.96
101,2018-07-17,8.05,8.24,8.22,8.1
100,2014-01-07,43.12,45.79,45.79,43.84
99,2017-10-24,3.93,3.99,3.95,3.96
98,2015-08-04,17.0,17.45,17.31,17.33
97,2014-01-31,35.51,36.76,36.75,36.15
96,2017-05-09,3.97,4.14,4.09,4.09
95,2014-12-04,17.673,19.03,17.88,18.74
94,2014-07-22,20.96,21.777,20.97,21.66
93,2016-03-17,5.62,6.13,5.98,5.69
92,2016-02-08,3.94,4.23,4.11,4.05
91,2016-11-29,5.8,6.06,5.99,5.86
90,2016-07-14,5.59,5.87,5.76,5.67
89,2016-05-27,5.09,5.26,5.18,5.16
88,2014-03-05,35.68,36.55,36.05,36.26
87,2015-12-29,7.7,7.9799,7.91,7.87
86,2014-03-20,34.5,35.68,35.56,34.94
85,2015-05-14,16.3,17.2,16.35,17.0
84,2018-05-17,7.1,7.3515,7.29,7.12
83,2015-02-11,19.28,20.0,19.99,19.49
82,2017-12-13,5.48,5.632,5.52,5.52
81,2016-02-25,4.94,5.23,5.11,5.13
80,2014-07-17,22.08,22.96,22.34,22.74
79,2015-12-16,7.68,8.15,7.8,7.81
78,2016-03-16,5.52,5.735,5.59,5.6
77,2015-06-16,16.53,17.24,16.63,16.68
76,2015-11-24,9.71,10.42,9.99,10.42
75,2017-07-05,5.62,6.22,5.67,6.22
74,2018-01-19,4.69,5.1,5.01,4.71
73,2018-08-20,10.96,11.41,11.21,11.35
72,2014-12-30,18.75,20.0,19.28,19.73
71,2014-03-10,34.0824,35.1,34.76,34.66
70,2014-11-17,22.4,23.36,22.7,23.33
69,2016-12-29,6.41,6.62,6.53,6.45
68,2015-11-10,11.88,12.23,12.12,11.98
67,2017-02-17,4.19,4.34,4.31,4.27
66,2017-06-29,5.64,5.87,5.86,5.7
65,2017-11-22,5.18,5.47,5.18,5.42
64,2017-11-09,5.15,5.59,5.34,5.15
63,2017-09-18,4.1,4.18,4.14,4.15
62,2015-01-22,18.68,19.458,18.87,19.34
61,2014-04-11,30.25,31.83,31.25,31.2
60,2018-03-19,5.44,5.67,5.65,5.65
59,2015-02-23,18.59,19.57,18.82,19.57
58,2016-06-07,5.22,5.6,5.52,5.3
57,2018-05-31,7.65,7.91,7.66,7.86
56,2015-07-30,18.11,18.65,18.44,18.3
55,2017-02-22,4.21,4.33,4.26,4.32
54,2017-05-16,3.81,3.92,3.88,3.9
53,2018-05-02,6.18,6.31,6.24,6.2
52,2017-07-21,5.21,5.61,5.23,5.59
51,2018-02-27,4.82,5.02,5.01,4.89
50,2017-03-17,4.02,4.15,4.14,4.13
49,2017-05-05,4.03,4.15,4.11,4.12
48,2014-06-26,29.1,29.71,29.41,29.71
47,2017-02-24,4.16,4.34,4.3,4.23
46,2018-06-13,7.9,8.2,7.99,8.14
45,2016-04-29,7.0,7.6112,7.1,7.5
44,2017-01-23,4.96,5.125,5.08,5.09
43,2014-07-24,20.81,21.28,21.0,21.04
42,2014-11-18,22.7,23.515,23.22,22.7
41,2016-01-27,4.34,4.56,4.35,4.45
40,2017-12-01,5.44,5.92,5.9,5.69
39,2018-03-14,5.35,5.5,5.39,5.47
38,2013-12-05,41.75,43.4583,43.2,42.24
37,2018-08-30,10.78,11.2,11.07,11.2
36,2014-03-31,32.31,34.5,33.95,32.68
35,2013-11-22,35.27,37.598,37.36,35.6
34,2014-10-08,15.68,17.03,16.26,16.6
33,2017-01-19,5.02,5.15,5.09,5.15
32,2014-02-24,33.036,34.48,34.11,34.0
31,2016-05-06,6.24,6.56,6.44,6.43
30,2015-10-06,12.5499,14.2793,12.67,13.8
29,2018-02-14,4.91,5.14,5.09,4.99
28,2018-06-28,8.25,8.76,8.54,8.33
27,2015-09-17,16.6,17.31,16.7,17.29
26,2018-03-01,4.75,5.1,4.84,5.03
25,2013-12-31,45.6,47.07,46.61,46.29
24,2017-09-14,4.1,4.21,4.15,4.17
23,2017-09-15,4.08,4.2,4.15,4.16
22,2015-01-07,18.63,20.45,20.34,18.63
21,2018-01-10,4.57,4.94,4.93,4.62
20,2018-03-26,5.3101,5.65,5.61,5.41
19,2016-07-13,5.5601,5.96,5.65,5.89
18,2018-08-16,11.01,11.46,11.15,11.06
17,2016-08-08,5.43,5.68,5.47,5.49
16,2017-03-13,3.92,4.01,3.96,4.01
15,2015-01-29,18.52,19.2,19.1,18.69
14,2017-09-07,4.12,4.22,4.2,4.14
13,2017-10-02,4.19,4.28,4.26,4.24
12,2015-07-07,16.63,17.79,17.5,17.22
11,2018-04-13,5.6002,5.79,5.64,5.74
10,2016-02-11,3.77,4.03,3.93,3.95
9,2016-06-16,4.475,4.86,4.64,4.74
8,2015-11-05,11.88,12.44,12.41,11.89
7,2016-05-20,5.085,5.4,5.34,5.13
6,2015-08-06,16.5,17.09,16.69,17.09
5,2014-11-13,21.8,22.9375,22.62,22.51
4,2015-09-09,16.64,17.18,16.91,17.06
3,2016-06-28,5.01,5.39,5.07,5.15
2,2013-11-25,37.76,39.0,38.2,37.99
1,2018-01-08,4.65,4.94,4.88,4.84
0,2018-03-16,5.475,5.79,5.65,5.53
